nb_iterations_ISTA,mse_ISTA,time_ISTA,timeSpentBacktracking_ISTA,nb_iterations_FISTA,mse_FISTA,time_FISTA,timeSpentBacktracking_FISTA,nb_iterations_SGD,mse_SGD,time_SGD
995,0.35088176857889897,1.1680634021759033,0.4629697799682617,1373,0.3508817503252079,1.3847222328186035,0.5672385692596436,859,0.35088178691330946,0.818312406539917
